Workbook

Sheet Registro_Triage
A1: Fecha | B1: Hora | C1: ID Paciente | D1: Nombre y Apellido | E1: Peso (kg) | F1: Talla (m) | G1: IMC | H1: Sexo | I1: Perímetro Cintura (m) | J1: Presión Sistólica 1 | K1: Presión Diastólica 1 | L1: Presión Sistólica 2 | M1: Presión Diastólica 2 | N1: Frecuencia Cardíaca | O1: Glucemia (mg/dl) | P1: Saturación O2 (%) | Q1: Observaciones/Comentarios
A2: 46024 | B2: 0.375 | C2: 42603154 | D2: Hernan Mayol | E2: 80 | F2: 1.84 | G2: =IFERROR(E2/(Registro_Triage!F2^2),"") -> 23.62949 | H2: M | I2: 0.8 | J2: 95 | K2: 70 | L2: 100 | M2: 75 | N2: 80 | O2: 75 | P2: 97
A3: 46024 | B3: 0.39583333 | C3: 32634451 | D3: Pablo Romero | E3: 84 | F3: 1.81 | G3: =IFERROR(E3/(Registro_Triage!F3^2),"") -> 25.640243 | H3: M | I3: 0.8 | J3: 83 | K3: 94 | L3: 79 | M3: 90 | N3: 95 | O3: 79 | P3: 99 | Q3: No ayunó
A4: 46025 | B4: 0.375 | C4: 44451324 | D4: Juan Garcia | E4: 90 | F4: 1.74 | G4: =IFERROR(E4/(Registro_Triage!F4^2),"") -> 29.726516 | H4: M | I4: 0.96 | J4: 85 | K4: 70 | L4: 70 | M4: 85 | N4: 90 | P4: 95 | Q4: Se repite medición
A5: 46025 | B5: 0.4375 | C5: 42451324 | D5: Nahir Leguiza | E5: 70 | F5: 1.75 | G5: =IFERROR(E5/(Registro_Triage!F5^2),"") -> 22.857143 | H5: F | I5: 0.7 | J5: 89 | K5: 85 | L5: 95 | M5: 98 | N5: 97 | P5: 100
A6: 46027 | B6: 0.34027778 | C6: 32461724 | D6: Ejemplo Apellido | E6: 80 | F6: 1.81 | G6: =IFERROR(E6/(Registro_Triage!F6^2),"") -> 24.419279 | H6: M | I6: 0.75 | J6: 120 | K6: 80 | L6: 120 | M6: 80 | N6: 90 | O6: 75 | P6: 98 | Q6: Paciente nervioso
A7: 46028 | B7: 0.40625 | C7: 42999324 | D7: Juan Perez | E7: 72 | F7: 1.75 | G7: =IFERROR(E7/(Registro_Triage!F7^2),"") -> 23.510204 | H7: M | I7: 0.85 | J7: 118 | K7: 78 | L7: 120 | M7: 80 | N7: 72 | O7: 95 | P7: 98
A8: 46028 | B8: 0.4375 | C8: 30426305 | D8: Maria Gomez | E8: 82 | F8: 1.65 | G8: =IFERROR(E8/(Registro_Triage!F8^2),"") -> 30.119376 | H8: F | I8: 0.95 | J8: 138 | K8: 88 | L8: 142 | M8: 90 | N8: 80 | O8: 110 | P8: 95 | Q8: Paciente nervioso
A9: 46029 | B9: 0.48958333 | C9: 22841369 | D9: Carlos Lopez | E9: 95 | F9: 1.7 | G9: =IFERROR(E9/(Registro_Triage!F9^2),"") -> 32.871972 | H9: M | I9: 1.05 | J9: 165 | K9: 102 | L9: 170 | M9: 104 | N9: 96 | O9: 160 | P9: 89 | Q9: Se repite medición
A10: 45664 | B10: 0.51041667 | C10: 22123456 | D10: Pablo Ledezma | E10: 85 | F10: 1.7 | G10: =IFERROR(E10/(Registro_Triage!F10^2),"") -> 29.411765 | H10: M | I10: 0.85 | J10: 95 | K10: 65 | L10: 115 | M10: 75 | N10: 80 | O10: 110 | P10: 94 | Q10: Alta temperatura
A11: 45664 | B11: 0.34375 | C11: 39852147 | D11: Paciente Bajo Riesgo | E11: 60 | F11: 1.67 | G11: =IFERROR(E11/(Registro_Triage!F11^2),"") -> 21.513859 | H11: F | I11: 0.7 | J11: 112 | K11: 72 | L11: 115 | M11: 74 | N11: 80 | O11: 75 | P11: 98
A12: 46036 | B12: 0.39583333 | C12: 40329710 | D12: Paciente Ejemplo | E12: 80 | F12: 1.84 | G12: =IFERROR(E12/(Registro_Triage!F12^2),"") -> 23.62949 | H12: M | I12: 0.8 | J12: 140 | K12: 90 | L12: 130 | M12: 80 | N12: 80 | O12: 75 | P12: 97 | Q12: Falta de agua

Sheet Calculos
A1: ID Paciente | B1: Fecha | C1: Sexo | D1: IMC | E1: Clasificación IMC | F1: Presión Sistólica Promedio | G1: Presión Diastólica Promedio | H1: Riesgo Inicial | I1: ALERTA_O2 | J1: ALERTA_Presion | K1: ALERTA_IMC | L1: ALERTA_Cintura
A2: =Tabla_Triage[[#This Row],[ID Paciente]] -> 42603154 | B2: =Tabla_Triage[[#This Row],[Fecha]] -> 46024 | C2: =Tabla_Triage[[#This Row],[Sexo]] -> M | D2: =IFERROR(Registro_Triage!E2/(Registro_Triage!F2^2),"") -> 23.62949 | E2: =IF(D2="","",IF(D2<18.5,"Bajo peso",IF(D2<25,"Normal",IF(D2<30,"Sobrepeso","Obesidad")))) -> Normal | F2: =IF(COUNT(Registro_Triage!J2, Registro_Triage!L2)=0, "", AVERAGE(Registro_Triage!J2, Registro_Triage!L2)) -> 97.5 | G2: =IF(COUNT(Registro_Triage!K2, Registro_Triage!M2)=0, "", AVERAGE(Registro_Triage!K2, Registro_Triage!M2)) -> 72.5 | H2: =IF( OR(I2="",J2="",K2=""), "", IF( OR(I2=1,J2=1), "ALTO", IF(K2=1,"MEDIO","BAJO") ) ) -> BAJO | I2: =IF(OR(Registro_Triage!P2="", NOT(ISNUMBER(Registro_Triage!P2*1))), "", IF(Registro_Triage!P2*1 < VLOOKUP("Saturación O2 Normal", Referencias!$A:$C, 2, 0), "ALTO", "NORMAL")) -> NORMAL | J2: =IF( OR( F2 > VLOOKUP("Presión Sistólica Normal",Referencias!A:C,3,FALSE), G2 > VLOOKUP("Presión Diastólica Normal",Referencias!A:C,3,FALSE) ), 1, 0 ) -> 0 | K2: =IF( OR( D2 < VLOOKUP("IMC Normal",Referencias!A:C,2,FALSE), D2 > VLOOKUP("IMC Normal",Referencias!A:C,3,FALSE) ), 1, 0 ) -> 0 | L2: =IF( OR(Registro_Triage!H2="",Registro_Triage!I2=""), "", IF( OR(Registro_Triage!H2="M",Registro_Triage!H2="Masculino"), IF(Registro_Triage!I2<0.94,"Normal", IF(Registro_Triage!I2<1.02,"Riesgo aumentado","Alto riesgo")), IF( OR(Registro_Triage!H2="F",Registro_Triage!H2="Femenino"), IF(Registro_Triage!I2<0.8,"Normal", IF(Registro_Triage!I2<=0.88,"Riesgo aumentado","Alto riesgo")), "" ) )) -> Normal
A3: =Tabla_Triage[[#This Row],[ID Paciente]] -> 32634451 | B3: =Tabla_Triage[[#This Row],[Fecha]] -> 46024 | C3: =Tabla_Triage[[#This Row],[Sexo]] -> M | D3: =IFERROR(Registro_Triage!E3/(Registro_Triage!F3^2),"") -> 25.640243 | E3: =IF(D3="","",IF(D3<18.5,"Bajo peso",IF(D3<25,"Normal",IF(D3<30,"Sobrepeso","Obesidad")))) -> Sobrepeso | F3: =IF(COUNT(Registro_Triage!J3, Registro_Triage!L3)=0, "", AVERAGE(Registro_Triage!J3, Registro_Triage!L3)) -> 81 | G3: =IF(COUNT(Registro_Triage!K3, Registro_Triage!M3)=0, "", AVERAGE(Registro_Triage!K3, Registro_Triage!M3)) -> 92 | H3: =IF( OR(I3="",J3="",K3=""), "", IF( OR(I3=1,J3=1), "ALTO", IF(K3=1,"MEDIO","BAJO") ) ) -> ALTO | I3: =IF(OR(Registro_Triage!P3="", NOT(ISNUMBER(Registro_Triage!P3*1))), "", IF(Registro_Triage!P3*1 < VLOOKUP("Saturación O2 Normal", Referencias!$A:$C, 2, 0), "ALTO", "NORMAL")) -> NORMAL | J3: =IF( OR( F3 > VLOOKUP("Presión Sistólica Normal",Referencias!A:C,3,FALSE), G3 > VLOOKUP("Presión Diastólica Normal",Referencias!A:C,3,FALSE) ), 1, 0 ) -> 1 | K3: =IF( OR( D3 < VLOOKUP("IMC Normal",Referencias!A:C,2,FALSE), D3 > VLOOKUP("IMC Normal",Referencias!A:C,3,FALSE) ), 1, 0 ) -> 1 | L3: =IF( OR(Registro_Triage!H3="",Registro_Triage!I3=""), "", IF( OR(Registro_Triage!H3="M",Registro_Triage!H3="Masculino"), IF(Registro_Triage!I3<0.94,"Normal", IF(Registro_Triage!I3<1.02,"Riesgo aumentado","Alto riesgo")), IF( OR(Registro_Triage!H3="F",Registro_Triage!H3="Femenino"), IF(Registro_Triage!I3<0.8,"Normal", IF(Registro_Triage!I3<=0.88,"Riesgo aumentado","Alto riesgo")), "" ) )) -> Normal
A4: =Tabla_Triage[[#This Row],[ID Paciente]] -> 44451324 | B4: =Tabla_Triage[[#This Row],[Fecha]] -> 46025 | C4: =Tabla_Triage[[#This Row],[Sexo]] -> M | D4: =IFERROR(Registro_Triage!E4/(Registro_Triage!F4^2),"") -> 29.726516 | E4: =IF(D4="","",IF(D4<18.5,"Bajo peso",IF(D4<25,"Normal",IF(D4<30,"Sobrepeso","Obesidad")))) -> Sobrepeso | F4: =IF(COUNT(Registro_Triage!J4, Registro_Triage!L4)=0, "", AVERAGE(Registro_Triage!J4, Registro_Triage!L4)) -> 77.5 | G4: =IF(COUNT(Registro_Triage!K4, Registro_Triage!M4)=0, "", AVERAGE(Registro_Triage!K4, Registro_Triage!M4)) -> 77.5 | H4: =IF( OR(I4="",J4="",K4=""), "", IF( OR(I4=1,J4=1), "ALTO", IF(K4=1,"MEDIO","BAJO") ) ) -> MEDIO | I4: =IF(OR(Registro_Triage!P4="", NOT(ISNUMBER(Registro_Triage!P4*1))), "", IF(Registro_Triage!P4*1 < VLOOKUP("Saturación O2 Normal", Referencias!$A:$C, 2, 0), "ALTO", "NORMAL")) -> NORMAL | J4: =IF( OR( F4 > VLOOKUP("Presión Sistólica Normal",Referencias!A:C,3,FALSE), G4 > VLOOKUP("Presión Diastólica Normal",Referencias!A:C,3,FALSE) ), 1, 0 ) -> 0 | K4: =IF( OR( D4 < VLOOKUP("IMC Normal",Referencias!A:C,2,FALSE), D4 > VLOOKUP("IMC Normal",Referencias!A:C,3,FALSE) ), 1, 0 ) -> 1 | L4: =IF( OR(Registro_Triage!H4="",Registro_Triage!I4=""), "", IF( OR(Registro_Triage!H4="M",Registro_Triage!H4="Masculino"), IF(Registro_Triage!I4<0.94,"Normal", IF(Registro_Triage!I4<1.02,"Riesgo aumentado","Alto riesgo")), IF( OR(Registro_Triage!H4="F",Registro_Triage!H4="Femenino"), IF(Registro_Triage!I4<0.8,"Normal", IF(Registro_Triage!I4<=0.88,"Riesgo aumentado","Alto riesgo")), "" ) )) -> Riesgo aumentado
A5: =Tabla_Triage[[#This Row],[ID Paciente]] -> 42451324 | B5: =Tabla_Triage[[#This Row],[Fecha]] -> 46025 | C5: =Tabla_Triage[[#This Row],[Sexo]] -> F | D5: =IFERROR(Registro_Triage!E5/(Registro_Triage!F5^2),"") -> 22.857143 | E5: =IF(D5="","",IF(D5<18.5,"Bajo peso",IF(D5<25,"Normal",IF(D5<30,"Sobrepeso","Obesidad")))) -> Normal | F5: =IF(COUNT(Registro_Triage!J5, Registro_Triage!L5)=0, "", AVERAGE(Registro_Triage!J5, Registro_Triage!L5)) -> 92 | G5: =IF(COUNT(Registro_Triage!K5, Registro_Triage!M5)=0, "", AVERAGE(Registro_Triage!K5, Registro_Triage!M5)) -> 91.5 | H5: =IF( OR(I5="",J5="",K5=""), "", IF( OR(I5=1,J5=1), "ALTO", IF(K5=1,"MEDIO","BAJO") ) ) -> ALTO | I5: =IF(OR(Registro_Triage!P5="", NOT(ISNUMBER(Registro_Triage!P5*1))), "", IF(Registro_Triage!P5*1 < VLOOKUP("Saturación O2 Normal", Referencias!$A:$C, 2, 0), "ALTO", "NORMAL")) -> NORMAL | J5: =IF( OR( F5 > VLOOKUP("Presión Sistólica Normal",Referencias!A:C,3,FALSE), G5 > VLOOKUP("Presión Diastólica Normal",Referencias!A:C,3,FALSE) ), 1, 0 ) -> 1 | K5: =IF( OR( D5 < VLOOKUP("IMC Normal",Referencias!A:C,2,FALSE), D5 > VLOOKUP("IMC Normal",Referencias!A:C,3,FALSE) ), 1, 0 ) -> 0 | L5: =IF( OR(Registro_Triage!H5="",Registro_Triage!I5=""), "", IF( OR(Registro_Triage!H5="M",Registro_Triage!H5="Masculino"), IF(Registro_Triage!I5<0.94,"Normal", IF(Registro_Triage!I5<1.02,"Riesgo aumentado","Alto riesgo")), IF( OR(Registro_Triage!H5="F",Registro_Triage!H5="Femenino"), IF(Registro_Triage!I5<0.8,"Normal", IF(Registro_Triage!I5<=0.88,"Riesgo aumentado","Alto riesgo")), "" ) )) -> Normal
A6: =Tabla_Triage[[#This Row],[ID Paciente]] -> 32461724 | B6: =Tabla_Triage[[#This Row],[Fecha]] -> 46027 | C6: =Tabla_Triage[[#This Row],[Sexo]] -> M | D6: =IFERROR(Registro_Triage!E6/(Registro_Triage!F6^2),"") -> 24.419279 | E6: =IF(D6="","",IF(D6<18.5,"Bajo peso",IF(D6<25,"Normal",IF(D6<30,"Sobrepeso","Obesidad")))) -> Normal | F6: =IF(COUNT(Registro_Triage!J6, Registro_Triage!L6)=0, "", AVERAGE(Registro_Triage!J6, Registro_Triage!L6)) -> 120 | G6: =IF(COUNT(Registro_Triage!K6, Registro_Triage!M6)=0, "", AVERAGE(Registro_Triage!K6, Registro_Triage!M6)) -> 80 | H6: =IF( OR(I6="",J6="",K6=""), "", IF( OR(I6=1,J6=1), "ALTO", IF(K6=1,"MEDIO","BAJO") ) ) -> BAJO | I6: =IF(OR(Registro_Triage!P6="", NOT(ISNUMBER(Registro_Triage!P6*1))), "", IF(Registro_Triage!P6*1 < VLOOKUP("Saturación O2 Normal", Referencias!$A:$C, 2, 0), "ALTO", "NORMAL")) -> NORMAL | J6: =IF( OR( F6 > VLOOKUP("Presión Sistólica Normal",Referencias!A:C,3,FALSE), G6 > VLOOKUP("Presión Diastólica Normal",Referencias!A:C,3,FALSE) ), 1, 0 ) -> 0 | K6: =IF( OR( D6 < VLOOKUP("IMC Normal",Referencias!A:C,2,FALSE), D6 > VLOOKUP("IMC Normal",Referencias!A:C,3,FALSE) ), 1, 0 ) -> 0 | L6: =IF( OR(Registro_Triage!H6="",Registro_Triage!I6=""), "", IF( OR(Registro_Triage!H6="M",Registro_Triage!H6="Masculino"), IF(Registro_Triage!I6<0.94,"Normal", IF(Registro_Triage!I6<1.02,"Riesgo aumentado","Alto riesgo")), IF( OR(Registro_Triage!H6="F",Registro_Triage!H6="Femenino"), IF(Registro_Triage!I6<0.8,"Normal", IF(Registro_Triage!I6<=0.88,"Riesgo aumentado","Alto riesgo")), "" ) )) -> Normal
A7: =Tabla_Triage[[#This Row],[ID Paciente]] -> 42999324 | B7: =Tabla_Triage[[#This Row],[Fecha]] -> 46028 | C7: =Tabla_Triage[[#This Row],[Sexo]] -> M | D7: =IFERROR(Registro_Triage!E7/(Registro_Triage!F7^2),"") -> 23.510204 | E7: =IF(D7="","",IF(D7<18.5,"Bajo peso",IF(D7<25,"Normal",IF(D7<30,"Sobrepeso","Obesidad")))) -> Normal | F7: =IF(COUNT(Registro_Triage!J7, Registro_Triage!L7)=0, "", AVERAGE(Registro_Triage!J7, Registro_Triage!L7)) -> 119 | G7: =IF(COUNT(Registro_Triage!K7, Registro_Triage!M7)=0, "", AVERAGE(Registro_Triage!K7, Registro_Triage!M7)) -> 79 | H7: =IF( OR(I7="",J7="",K7=""), "", IF( OR(I7=1,J7=1), "ALTO", IF(K7=1,"MEDIO","BAJO") ) ) -> BAJO | I7: =IF(OR(Registro_Triage!P7="", NOT(ISNUMBER(Registro_Triage!P7*1))), "", IF(Registro_Triage!P7*1 < VLOOKUP("Saturación O2 Normal", Referencias!$A:$C, 2, 0), "ALTO", "NORMAL")) -> NORMAL | J7: =IF( OR( F7 > VLOOKUP("Presión Sistólica Normal",Referencias!A:C,3,FALSE), G7 > VLOOKUP("Presión Diastólica Normal",Referencias!A:C,3,FALSE) ), 1, 0 ) -> 0 | K7: =IF( OR( D7 < VLOOKUP("IMC Normal",Referencias!A:C,2,FALSE), D7 > VLOOKUP("IMC Normal",Referencias!A:C,3,FALSE) ), 1, 0 ) -> 0 | L7: =IF( OR(Registro_Triage!H7="",Registro_Triage!I7=""), "", IF( OR(Registro_Triage!H7="M",Registro_Triage!H7="Masculino"), IF(Registro_Triage!I7<0.94,"Normal", IF(Registro_Triage!I7<1.02,"Riesgo aumentado","Alto riesgo")), IF( OR(Registro_Triage!H7="F",Registro_Triage!H7="Femenino"), IF(Registro_Triage!I7<0.8,"Normal", IF(Registro_Triage!I7<=0.88,"Riesgo aumentado","Alto riesgo")), "" ) )) -> Normal
A8: =Tabla_Triage[[#This Row],[ID Paciente]] -> 30426305 | B8: =Tabla_Triage[[#This Row],[Fecha]] -> 46028 | C8: =Tabla_Triage[[#This Row],[Sexo]] -> F | D8: =IFERROR(Registro_Triage!E8/(Registro_Triage!F8^2),"") -> 30.119376 | E8: =IF(D8="","",IF(D8<18.5,"Bajo peso",IF(D8<25,"Normal",IF(D8<30,"Sobrepeso","Obesidad")))) -> Obesidad | F8: =IF(COUNT(Registro_Triage!J8, Registro_Triage!L8)=0, "", AVERAGE(Registro_Triage!J8, Registro_Triage!L8)) -> 140 | G8: =IF(COUNT(Registro_Triage!K8, Registro_Triage!M8)=0, "", AVERAGE(Registro_Triage!K8, Registro_Triage!M8)) -> 89 | H8: =IF( OR(I8="",J8="",K8=""), "", IF( OR(I8=1,J8=1), "ALTO", IF(K8=1,"MEDIO","BAJO") ) ) -> ALTO | I8: =IF(OR(Registro_Triage!P8="", NOT(ISNUMBER(Registro_Triage!P8*1))), "", IF(Registro_Triage!P8*1 < VLOOKUP("Saturación O2 Normal", Referencias!$A:$C, 2, 0), "ALTO", "NORMAL")) -> NORMAL | J8: =IF( OR( F8 > VLOOKUP("Presión Sistólica Normal",Referencias!A:C,3,FALSE), G8 > VLOOKUP("Presión Diastólica Normal",Referencias!A:C,3,FALSE) ), 1, 0 ) -> 1 | K8: =IF( OR( D8 < VLOOKUP("IMC Normal",Referencias!A:C,2,FALSE), D8 > VLOOKUP("IMC Normal",Referencias!A:C,3,FALSE) ), 1, 0 ) -> 1 | L8: =IF( OR(Registro_Triage!H8="",Registro_Triage!I8=""), "", IF( OR(Registro_Triage!H8="M",Registro_Triage!H8="Masculino"), IF(Registro_Triage!I8<0.94,"Normal", IF(Registro_Triage!I8<1.02,"Riesgo aumentado","Alto riesgo")), IF( OR(Registro_Triage!H8="F",Registro_Triage!H8="Femenino"), IF(Registro_Triage!I8<0.8,"Normal", IF(Registro_Triage!I8<=0.88,"Riesgo aumentado","Alto riesgo")), "" ) )) -> Alto riesgo
A9: =Tabla_Triage[[#This Row],[ID Paciente]] -> 22841369 | B9: =Tabla_Triage[[#This Row],[Fecha]] -> 46029 | C9: =Tabla_Triage[[#This Row],[Sexo]] -> M | D9: =IFERROR(Registro_Triage!E9/(Registro_Triage!F9^2),"") -> 32.871972 | E9: =IF(D9="","",IF(D9<18.5,"Bajo peso",IF(D9<25,"Normal",IF(D9<30,"Sobrepeso","Obesidad")))) -> Obesidad | F9: =IF(COUNT(Registro_Triage!J9, Registro_Triage!L9)=0, "", AVERAGE(Registro_Triage!J9, Registro_Triage!L9)) -> 167.5 | G9: =IF(COUNT(Registro_Triage!K9, Registro_Triage!M9)=0, "", AVERAGE(Registro_Triage!K9, Registro_Triage!M9)) -> 103 | H9: =IF( OR(I9="",J9="",K9=""), "", IF( OR(I9=1,J9=1), "ALTO", IF(K9=1,"MEDIO","BAJO") ) ) -> ALTO | I9: =IF(OR(Registro_Triage!P9="", NOT(ISNUMBER(Registro_Triage!P9*1))), "", IF(Registro_Triage!P9*1 < VLOOKUP("Saturación O2 Normal", Referencias!$A:$C, 2, 0), "ALTO", "NORMAL")) -> ALTO | J9: =IF( OR( F9 > VLOOKUP("Presión Sistólica Normal",Referencias!A:C,3,FALSE), G9 > VLOOKUP("Presión Diastólica Normal",Referencias!A:C,3,FALSE) ), 1, 0 ) -> 1 | K9: =IF( OR( D9 < VLOOKUP("IMC Normal",Referencias!A:C,2,FALSE), D9 > VLOOKUP("IMC Normal",Referencias!A:C,3,FALSE) ), 1, 0 ) -> 1 | L9: =IF( OR(Registro_Triage!H9="",Registro_Triage!I9=""), "", IF( OR(Registro_Triage!H9="M",Registro_Triage!H9="Masculino"), IF(Registro_Triage!I9<0.94,"Normal", IF(Registro_Triage!I9<1.02,"Riesgo aumentado","Alto riesgo")), IF( OR(Registro_Triage!H9="F",Registro_Triage!H9="Femenino"), IF(Registro_Triage!I9<0.8,"Normal", IF(Registro_Triage!I9<=0.88,"Riesgo aumentado","Alto riesgo")), "" ) )) -> Alto riesgo
A10: =Tabla_Triage[[#This Row],[ID Paciente]] -> 22123456 | B10: =Tabla_Triage[[#This Row],[Fecha]] -> 45664 | C10: =Tabla_Triage[[#This Row],[Sexo]] -> M | D10: =IFERROR(Registro_Triage!E10/(Registro_Triage!F10^2),"") -> 29.411765 | E10: =IF(D10="","",IF(D10<18.5,"Bajo peso",IF(D10<25,"Normal",IF(D10<30,"Sobrepeso","Obesidad")))) -> Sobrepeso | F10: =IF(COUNT(Registro_Triage!J10, Registro_Triage!L10)=0, "", AVERAGE(Registro_Triage!J10, Registro_Triage!L10)) -> 105 | G10: =IF(COUNT(Registro_Triage!K10, Registro_Triage!M10)=0, "", AVERAGE(Registro_Triage!K10, Registro_Triage!M10)) -> 70 | H10: =IF( OR(I10="",J10="",K10=""), "", IF( OR(I10=1,J10=1), "ALTO", IF(K10=1,"MEDIO","BAJO") ) ) -> MEDIO | I10: =IF(OR(Registro_Triage!P10="", NOT(ISNUMBER(Registro_Triage!P10*1))), "", IF(Registro_Triage!P10*1 < VLOOKUP("Saturación O2 Normal", Referencias!$A:$C, 2, 0), "ALTO", "NORMAL")) -> ALTO | J10: =IF( OR( F10 > VLOOKUP("Presión Sistólica Normal",Referencias!A:C,3,FALSE), G10 > VLOOKUP("Presión Diastólica Normal",Referencias!A:C,3,FALSE) ), 1, 0 ) -> 0 | K10: =IF( OR( D10 < VLOOKUP("IMC Normal",Referencias!A:C,2,FALSE), D10 > VLOOKUP("IMC Normal",Referencias!A:C,3,FALSE) ), 1, 0 ) -> 1 | L10: =IF( OR(Registro_Triage!H10="",Registro_Triage!I10=""), "", IF( OR(Registro_Triage!H10="M",Registro_Triage!H10="Masculino"), IF(Registro_Triage!I10<0.94,"Normal", IF(Registro_Triage!I10<1.02,"Riesgo aumentado","Alto riesgo")), IF( OR(Registro_Triage!H10="F",Registro_Triage!H10="Femenino"), IF(Registro_Triage!I10<0.8,"Normal", IF(Registro_Triage!I10<=0.88,"Riesgo aumentado","Alto riesgo")), "" ) )) -> Normal
A11: =Tabla_Triage[[#This Row],[ID Paciente]] -> 39852147 | B11: =Tabla_Triage[[#This Row],[Fecha]] -> 45664 | C11: =Tabla_Triage[[#This Row],[Sexo]] -> F | D11: =IFERROR(Registro_Triage!E11/(Registro_Triage!F11^2),"") -> 21.513859 | E11: =IF(D11="","",IF(D11<18.5,"Bajo peso",IF(D11<25,"Normal",IF(D11<30,"Sobrepeso","Obesidad")))) -> Normal | F11: =IF(COUNT(Registro_Triage!J11, Registro_Triage!L11)=0, "", AVERAGE(Registro_Triage!J11, Registro_Triage!L11)) -> 113.5 | G11: =IF(COUNT(Registro_Triage!K11, Registro_Triage!M11)=0, "", AVERAGE(Registro_Triage!K11, Registro_Triage!M11)) -> 73 | H11: =IF( OR(I11="",J11="",K11=""), "", IF( OR(I11=1,J11=1), "ALTO", IF(K11=1,"MEDIO","BAJO") ) ) -> BAJO | I11: =IF(OR(Registro_Triage!P11="", NOT(ISNUMBER(Registro_Triage!P11*1))), "", IF(Registro_Triage!P11*1 < VLOOKUP("Saturación O2 Normal", Referencias!$A:$C, 2, 0), "ALTO", "NORMAL")) -> NORMAL | J11: =IF( OR( F11 > VLOOKUP("Presión Sistólica Normal",Referencias!A:C,3,FALSE), G11 > VLOOKUP("Presión Diastólica Normal",Referencias!A:C,3,FALSE) ), 1, 0 ) -> 0 | K11: =IF( OR( D11 < VLOOKUP("IMC Normal",Referencias!A:C,2,FALSE), D11 > VLOOKUP("IMC Normal",Referencias!A:C,3,FALSE) ), 1, 0 ) -> 0 | L11: =IF( OR(Registro_Triage!H11="",Registro_Triage!I11=""), "", IF( OR(Registro_Triage!H11="M",Registro_Triage!H11="Masculino"), IF(Registro_Triage!I11<0.94,"Normal", IF(Registro_Triage!I11<1.02,"Riesgo aumentado","Alto riesgo")), IF( OR(Registro_Triage!H11="F",Registro_Triage!H11="Femenino"), IF(Registro_Triage!I11<0.8,"Normal", IF(Registro_Triage!I11<=0.88,"Riesgo aumentado","Alto riesgo")), "" ) )) -> Normal
A12: =Tabla_Triage[[#This Row],[ID Paciente]] -> 40329710 | B12: =Tabla_Triage[[#This Row],[Fecha]] -> 46036 | C12: =Tabla_Triage[[#This Row],[Sexo]] -> M | D12: =IFERROR(Registro_Triage!E12/(Registro_Triage!F12^2),"") -> 23.62949 | E12: =IF(D12="","",IF(D12<18.5,"Bajo peso",IF(D12<25,"Normal",IF(D12<30,"Sobrepeso","Obesidad")))) -> Normal | F12: =IF(COUNT(Registro_Triage!J12, Registro_Triage!L12)=0, "", AVERAGE(Registro_Triage!J12, Registro_Triage!L12)) -> 135 | G12: =IF(COUNT(Registro_Triage!K12, Registro_Triage!M12)=0, "", AVERAGE(Registro_Triage!K12, Registro_Triage!M12)) -> 85 | H12: =IF( OR(I12="",J12="",K12=""), "", IF( OR(I12=1,J12=1), "ALTO", IF(K12=1,"MEDIO","BAJO") ) ) -> ALTO | I12: =IF(OR(Registro_Triage!P12="", NOT(ISNUMBER(Registro_Triage!P12*1))), "", IF(Registro_Triage!P12*1 < VLOOKUP("Saturación O2 Normal", Referencias!$A:$C, 2, 0), "ALTO", "NORMAL")) -> NORMAL | J12: =IF( OR( F12 > VLOOKUP("Presión Sistólica Normal",Referencias!A:C,3,FALSE), G12 > VLOOKUP("Presión Diastólica Normal",Referencias!A:C,3,FALSE) ), 1, 0 ) -> 1 | K12: =IF( OR( D12 < VLOOKUP("IMC Normal",Referencias!A:C,2,FALSE), D12 > VLOOKUP("IMC Normal",Referencias!A:C,3,FALSE) ), 1, 0 ) -> 0 | L12: =IF( OR(Registro_Triage!H12="",Registro_Triage!I12=""), "", IF( OR(Registro_Triage!H12="M",Registro_Triage!H12="Masculino"), IF(Registro_Triage!I12<0.94,"Normal", IF(Registro_Triage!I12<1.02,"Riesgo aumentado","Alto riesgo")), IF( OR(Registro_Triage!H12="F",Registro_Triage!H12="Femenino"), IF(Registro_Triage!I12<0.8,"Normal", IF(Registro_Triage!I12<=0.88,"Riesgo aumentado","Alto riesgo")), "" ) )) -> Normal

Sheet Referencias
A1: Parámetro | B1: Valor mínimo | C1: Valor máximo
A2: IMC Normal | B2: 18.5 | C2: 24.9
A3: Presión Sistólica Normal | B3: 90 | C3: 120
A4: Presión Diastólica Normal | B4: 60 | C4: 80
A5: Frecuencia Cardíaca Normal | B5: 60 | C5: 100
A6: Saturación O2 Normal | B6: 95 | C6: 100
A7: Glucemia Ayunas | B7: 70 | C7: 99
