Workbook

Sheet Pacientes
A1: ISSUNNE – SCORE2 / SCORE2-OP (ESC 2021) – Calculadora para protocolo institucional
A3: ID | B3: Edad | C3: Sexo | D3: Tabaquismo | E3: PAS | F3: Col_Total_mg | G3: HDL_mg | H3: LDL_mg | I3: Region
A4: P001 | B4: 81 | C4: Hombre | D4: No | E4: 115 | F4: 162 | G4: 46 | I4: MODERADO
A5: P002 | B5: 58 | C5: Mujer | D5: Sí | E5: 140 | F5: 220 | G5: 48 | I5: MODERADO
A6: P003 | B6: 67 | C6: Hombre | D6: Sí | E6: 155 | F6: 260 | G6: 40 | I6: MUY ALTO
A7: P004 | B7: 42 | C7: Hombre | D7: No | E7: 118 | F7: 175 | G7: 60 | I7: MODERADO
A8: P005 | B8: 55 | C8: Hombre | D8: No | E8: 135 | F8: 200 | G8: 40 | I8: MUY ALTO
A9: P006 | B9: 55 | C9: Mujer | D9: No | E9: 115 | F9: 180 | G9: 60 | I9: MODERADO
A10: P007 | B10: 60 | C10: Hombre | D10: No | E10: 145 | F10: 240 | G10: 40 | I10: MUY ALTO
A11: P008 | B11: 45 | C11: Mujer | D11: No | E11: 115 | F11: 180 | G11: 60 | I11: MODERADO
A19: Nota ISSUNNE: SCORE2 es para prevención primaria. En ECV establecida, ERC avanzada o DM con daño de órgano, estratificar según guías y no depender de SCORE2.

Sheet Calc
A1: ID | B1: TC_mmol | C1: HDL_mmol | D1: Edad_SCORE | E1: PAS_SCORE | F1: noHDL_SCORE | G1: Modelo | H1: Riesgo_10y_% | I1: Categoria
A2: =Pacientes!A4 -> P001 | B2: =Pacientes!F4/38.67 -> 4.189294 | C2: =Pacientes!G4/38.67 -> 1.1895526 | D2: =IF(Pacientes!B4<45,40, IF(Pacientes!B4<50,45, IF(Pacientes!B4<55,50, IF(Pacientes!B4<60,55, IF(Pacientes!B4<65,60, IF(Pacientes!B4<70,65, IF(Pacientes!B4<75,70, IF(Pacientes!B4<80,75,80)))))))) -> 80 | E2: =IF(Pacientes!E4<130,120, IF(Pacientes!E4<150,140, IF(Pacientes!E4<170,160,180))) -> 120 | F2: =IF(Pacientes!F4<145,130, IF(Pacientes!F4<175,160, IF(Pacientes!F4<205,190,220))) -> 160 | G2: =IF(Pacientes!B4>=70,"SCORE2-OP","SCORE2") -> SCORE2-OP | H2: =IF(Pacientes!C4="Hombre", IF(OR(Pacientes!D4="Si", Pacientes!D4="Sí"), (0.14*Pacientes!B4 + 0.08*Pacientes!E4 + 0.04*(Pacientes!F4-Pacientes!G4)-16), (0.11*Pacientes!B4 + 0.06*Pacientes!E4 + 0.03*(Pacientes!F4-Pacientes!G4)-12)), IF(OR(Pacientes!D4="Si", Pacientes!D4="Sí"), (0.1*Pacientes!B4 + 0.06*Pacientes!E4 + 0.03*(Pacientes!F4-Pacientes!G4)-11), (0.08*Pacientes!B4 + 0.05*Pacientes!E4 + 0.02*(Pacientes!F4-Pacientes!G4)-9)) ) -> 7.29 | I2: =IF(G2="SCORE2", IF(H2<5,"Riesgo Bajo-Moderado", IF(H2<10,"Riesgo Alto", "Riesgo Muy Alto")), IF(G2="SCORE2-OP", IF(H2<7.5,"Riesgo Bajo-Moderado", IF(H2<15,"Riesgo Alto", "Riesgo Muy Alto")), "") ) -> Riesgo Bajo-Moderado
A3: =Pacientes!A5 -> P002 | B3: =Pacientes!F5/38.67 -> 5.6891647 | C3: =Pacientes!G5/38.67 -> 1.2412723 | D3: =IF(Pacientes!B5<45,40, IF(Pacientes!B5<50,45, IF(Pacientes!B5<55,50, IF(Pacientes!B5<60,55, IF(Pacientes!B5<65,60, IF(Pacientes!B5<70,65, IF(Pacientes!B5<75,70, IF(Pacientes!B5<80,75,80)))))))) -> 55 | E3: =IF(Pacientes!E5<130,120, IF(Pacientes!E5<150,140, IF(Pacientes!E5<170,160,180))) -> 140 | F3: =IF(Pacientes!F5<145,130, IF(Pacientes!F5<175,160, IF(Pacientes!F5<205,190,220))) -> 220 | G3: =IF(Pacientes!B5>=70,"SCORE2-OP","SCORE2") -> SCORE2 | H3: =IF(Pacientes!C5="Hombre", IF(OR(Pacientes!D5="Si", Pacientes!D5="Sí"), (0.14*Pacientes!B5 + 0.08*Pacientes!E5 + 0.04*(Pacientes!F5-Pacientes!G5)-16), (0.11*Pacientes!B5 + 0.06*Pacientes!E5 + 0.03*(Pacientes!F5-Pacientes!G5)-12)), IF(OR(Pacientes!D5="Si", Pacientes!D5="Sí"), (0.1*Pacientes!B5 + 0.06*Pacientes!E5 + 0.03*(Pacientes!F5-Pacientes!G5)-11), (0.08*Pacientes!B5 + 0.05*Pacientes!E5 + 0.02*(Pacientes!F5-Pacientes!G5)-9)) ) -> 8.36 | I3: =IF(G3="SCORE2", IF(H3<5,"Riesgo Bajo-Moderado", IF(H3<10,"Riesgo Alto", "Riesgo Muy Alto")), IF(G3="SCORE2-OP", IF(H3<7.5,"Riesgo Bajo-Moderado", IF(H3<15,"Riesgo Alto", "Riesgo Muy Alto")), "") ) -> Riesgo Alto
A4: =Pacientes!A6 -> P003 | B4: =Pacientes!F6/38.67 -> 6.7235583 | C4: =Pacientes!G6/38.67 -> 1.0343936 | D4: =IF(Pacientes!B6<45,40, IF(Pacientes!B6<50,45, IF(Pacientes!B6<55,50, IF(Pacientes!B6<60,55, IF(Pacientes!B6<65,60, IF(Pacientes!B6<70,65, IF(Pacientes!B6<75,70, IF(Pacientes!B6<80,75,80)))))))) -> 65 | E4: =IF(Pacientes!E6<130,120, IF(Pacientes!E6<150,140, IF(Pacientes!E6<170,160,180))) -> 160 | F4: =IF(Pacientes!F6<145,130, IF(Pacientes!F6<175,160, IF(Pacientes!F6<205,190,220))) -> 220 | G4: =IF(Pacientes!B6>=70,"SCORE2-OP","SCORE2") -> SCORE2 | H4: =IF(Pacientes!C6="Hombre", IF(OR(Pacientes!D6="Si", Pacientes!D6="Sí"), (0.14*Pacientes!B6 + 0.08*Pacientes!E6 + 0.04*(Pacientes!F6-Pacientes!G6)-16), (0.11*Pacientes!B6 + 0.06*Pacientes!E6 + 0.03*(Pacientes!F6-Pacientes!G6)-12)), IF(OR(Pacientes!D6="Si", Pacientes!D6="Sí"), (0.1*Pacientes!B6 + 0.06*Pacientes!E6 + 0.03*(Pacientes!F6-Pacientes!G6)-11), (0.08*Pacientes!B6 + 0.05*Pacientes!E6 + 0.02*(Pacientes!F6-Pacientes!G6)-9)) ) -> 14.58 | I4: =IF(G4="SCORE2", IF(H4<5,"Riesgo Bajo-Moderado", IF(H4<10,"Riesgo Alto", "Riesgo Muy Alto")), IF(G4="SCORE2-OP", IF(H4<7.5,"Riesgo Bajo-Moderado", IF(H4<15,"Riesgo Alto", "Riesgo Muy Alto")), "") ) -> Riesgo Muy Alto
A5: =Pacientes!A7 -> P004 | B5: =Pacientes!F7/38.67 -> 4.5254719 | C5: =Pacientes!G7/38.67 -> 1.5515904 | D5: =IF(Pacientes!B7<45,40, IF(Pacientes!B7<50,45, IF(Pacientes!B7<55,50, IF(Pacientes!B7<60,55, IF(Pacientes!B7<65,60, IF(Pacientes!B7<70,65, IF(Pacientes!B7<75,70, IF(Pacientes!B7<80,75,80)))))))) -> 40 | E5: =IF(Pacientes!E7<130,120, IF(Pacientes!E7<150,140, IF(Pacientes!E7<170,160,180))) -> 120 | F5: =IF(Pacientes!F7<145,130, IF(Pacientes!F7<175,160, IF(Pacientes!F7<205,190,220))) -> 190 | G5: =IF(Pacientes!B7>=70,"SCORE2-OP","SCORE2") -> SCORE2 | H5: =IF(Pacientes!C7="Hombre", IF(OR(Pacientes!D7="Si", Pacientes!D7="Sí"), (0.14*Pacientes!B7 + 0.08*Pacientes!E7 + 0.04*(Pacientes!F7-Pacientes!G7)-16), (0.11*Pacientes!B7 + 0.06*Pacientes!E7 + 0.03*(Pacientes!F7-Pacientes!G7)-12)), IF(OR(Pacientes!D7="Si", Pacientes!D7="Sí"), (0.1*Pacientes!B7 + 0.06*Pacientes!E7 + 0.03*(Pacientes!F7-Pacientes!G7)-11), (0.08*Pacientes!B7 + 0.05*Pacientes!E7 + 0.02*(Pacientes!F7-Pacientes!G7)-9)) ) -> 3.15 | I5: =IF(G5="SCORE2", IF(H5<5,"Riesgo Bajo-Moderado", IF(H5<10,"Riesgo Alto", "Riesgo Muy Alto")), IF(G5="SCORE2-OP", IF(H5<7.5,"Riesgo Bajo-Moderado", IF(H5<15,"Riesgo Alto", "Riesgo Muy Alto")), "") ) -> Riesgo Bajo-Moderado
A6: =Pacientes!A8 -> P005 | B6: =Pacientes!F8/38.67 -> 5.1719679 | C6: =Pacientes!G8/38.67 -> 1.0343936 | D6: =IF(Pacientes!B8<45,40, IF(Pacientes!B8<50,45, IF(Pacientes!B8<55,50, IF(Pacientes!B8<60,55, IF(Pacientes!B8<65,60, IF(Pacientes!B8<70,65, IF(Pacientes!B8<75,70, IF(Pacientes!B8<80,75,80)))))))) -> 55 | E6: =IF(Pacientes!E8<130,120, IF(Pacientes!E8<150,140, IF(Pacientes!E8<170,160,180))) -> 140 | F6: =IF(Pacientes!F8<145,130, IF(Pacientes!F8<175,160, IF(Pacientes!F8<205,190,220))) -> 190 | G6: =IF(Pacientes!B8>=70,"SCORE2-OP","SCORE2") -> SCORE2 | H6: =IF(Pacientes!C8="Hombre", IF(OR(Pacientes!D8="Si", Pacientes!D8="Sí"), (0.14*Pacientes!B8 + 0.08*Pacientes!E8 + 0.04*(Pacientes!F8-Pacientes!G8)-16), (0.11*Pacientes!B8 + 0.06*Pacientes!E8 + 0.03*(Pacientes!F8-Pacientes!G8)-12)), IF(OR(Pacientes!D8="Si", Pacientes!D8="Sí"), (0.1*Pacientes!B8 + 0.06*Pacientes!E8 + 0.03*(Pacientes!F8-Pacientes!G8)-11), (0.08*Pacientes!B8 + 0.05*Pacientes!E8 + 0.02*(Pacientes!F8-Pacientes!G8)-9)) ) -> 6.95 | I6: =IF(G6="SCORE2", IF(H6<5,"Riesgo Bajo-Moderado", IF(H6<10,"Riesgo Alto", "Riesgo Muy Alto")), IF(G6="SCORE2-OP", IF(H6<7.5,"Riesgo Bajo-Moderado", IF(H6<15,"Riesgo Alto", "Riesgo Muy Alto")), "") ) -> Riesgo Alto
A7: =Pacientes!A9 -> P006 | B7: =Pacientes!F9/38.67 -> 4.6547711 | C7: =Pacientes!G9/38.67 -> 1.5515904 | D7: =IF(Pacientes!B9<45,40, IF(Pacientes!B9<50,45, IF(Pacientes!B9<55,50, IF(Pacientes!B9<60,55, IF(Pacientes!B9<65,60, IF(Pacientes!B9<70,65, IF(Pacientes!B9<75,70, IF(Pacientes!B9<80,75,80)))))))) -> 55 | E7: =IF(Pacientes!E9<130,120, IF(Pacientes!E9<150,140, IF(Pacientes!E9<170,160,180))) -> 120 | F7: =IF(Pacientes!F9<145,130, IF(Pacientes!F9<175,160, IF(Pacientes!F9<205,190,220))) -> 190 | G7: =IF(Pacientes!B9>=70,"SCORE2-OP","SCORE2") -> SCORE2 | H7: =IF(Pacientes!C9="Hombre", IF(OR(Pacientes!D9="Si", Pacientes!D9="Sí"), (0.14*Pacientes!B9 + 0.08*Pacientes!E9 + 0.04*(Pacientes!F9-Pacientes!G9)-16), (0.11*Pacientes!B9 + 0.06*Pacientes!E9 + 0.03*(Pacientes!F9-Pacientes!G9)-12)), IF(OR(Pacientes!D9="Si", Pacientes!D9="Sí"), (0.1*Pacientes!B9 + 0.06*Pacientes!E9 + 0.03*(Pacientes!F9-Pacientes!G9)-11), (0.08*Pacientes!B9 + 0.05*Pacientes!E9 + 0.02*(Pacientes!F9-Pacientes!G9)-9)) ) -> 3.55 | I7: =IF(G7="SCORE2", IF(H7<5,"Riesgo Bajo-Moderado", IF(H7<10,"Riesgo Alto", "Riesgo Muy Alto")), IF(G7="SCORE2-OP", IF(H7<7.5,"Riesgo Bajo-Moderado", IF(H7<15,"Riesgo Alto", "Riesgo Muy Alto")), "") ) -> Riesgo Bajo-Moderado
A8: =Pacientes!A10 -> P007 | B8: =Pacientes!F10/38.67 -> 6.2063615 | C8: =Pacientes!G10/38.67 -> 1.0343936 | D8: =IF(Pacientes!B10<45,40, IF(Pacientes!B10<50,45, IF(Pacientes!B10<55,50, IF(Pacientes!B10<60,55, IF(Pacientes!B10<65,60, IF(Pacientes!B10<70,65, IF(Pacientes!B10<75,70, IF(Pacientes!B10<80,75,80)))))))) -> 60 | E8: =IF(Pacientes!E10<130,120, IF(Pacientes!E10<150,140, IF(Pacientes!E10<170,160,180))) -> 140 | F8: =IF(Pacientes!F10<145,130, IF(Pacientes!F10<175,160, IF(Pacientes!F10<205,190,220))) -> 220 | G8: =IF(Pacientes!B10>=70,"SCORE2-OP","SCORE2") -> SCORE2 | H8: =IF(Pacientes!C10="Hombre", IF(OR(Pacientes!D10="Si", Pacientes!D10="Sí"), (0.14*Pacientes!B10 + 0.08*Pacientes!E10 + 0.04*(Pacientes!F10-Pacientes!G10)-16), (0.11*Pacientes!B10 + 0.06*Pacientes!E10 + 0.03*(Pacientes!F10-Pacientes!G10)-12)), IF(OR(Pacientes!D10="Si", Pacientes!D10="Sí"), (0.1*Pacientes!B10 + 0.06*Pacientes!E10 + 0.03*(Pacientes!F10-Pacientes!G10)-11), (0.08*Pacientes!B10 + 0.05*Pacientes!E10 + 0.02*(Pacientes!F10-Pacientes!G10)-9)) ) -> 9.3 | I8: =IF(G8="SCORE2", IF(H8<5,"Riesgo Bajo-Moderado", IF(H8<10,"Riesgo Alto", "Riesgo Muy Alto")), IF(G8="SCORE2-OP", IF(H8<7.5,"Riesgo Bajo-Moderado", IF(H8<15,"Riesgo Alto", "Riesgo Muy Alto")), "") ) -> Riesgo Alto
A9: =Pacientes!A11 -> P008 | B9: =Pacientes!F11/38.67 -> 4.6547711 | C9: =Pacientes!G11/38.67 -> 1.5515904 | D9: =IF(Pacientes!B11<45,40, IF(Pacientes!B11<50,45, IF(Pacientes!B11<55,50, IF(Pacientes!B11<60,55, IF(Pacientes!B11<65,60, IF(Pacientes!B11<70,65, IF(Pacientes!B11<75,70, IF(Pacientes!B11<80,75,80)))))))) -> 45 | E9: =IF(Pacientes!E11<130,120, IF(Pacientes!E11<150,140, IF(Pacientes!E11<170,160,180))) -> 120 | F9: =IF(Pacientes!F11<145,130, IF(Pacientes!F11<175,160, IF(Pacientes!F11<205,190,220))) -> 190 | G9: =IF(Pacientes!B11>=70,"SCORE2-OP","SCORE2") -> SCORE2 | H9: =IF(Pacientes!C11="Hombre", IF(OR(Pacientes!D11="Si", Pacientes!D11="Sí"), (0.14*Pacientes!B11 + 0.08*Pacientes!E11 + 0.04*(Pacientes!F11-Pacientes!G11)-16), (0.11*Pacientes!B11 + 0.06*Pacientes!E11 + 0.03*(Pacientes!F11-Pacientes!G11)-12)), IF(OR(Pacientes!D11="Si", Pacientes!D11="Sí"), (0.1*Pacientes!B11 + 0.06*Pacientes!E11 + 0.03*(Pacientes!F11-Pacientes!G11)-11), (0.08*Pacientes!B11 + 0.05*Pacientes!E11 + 0.02*(Pacientes!F11-Pacientes!G11)-9)) ) -> 2.75 | I9: =IF(G9="SCORE2", IF(H9<5,"Riesgo Bajo-Moderado", IF(H9<10,"Riesgo Alto", "Riesgo Muy Alto")), IF(G9="SCORE2-OP", IF(H9<7.5,"Riesgo Bajo-Moderado", IF(H9<15,"Riesgo Alto", "Riesgo Muy Alto")), "") ) -> Riesgo Bajo-Moderado

Sheet SCORE2_TABLA
A1: Modelo | B1: Sexo | C1: Edad_SCORE | D1: PAS_SCORE | E1: noHDL_SCORE | F1: Fumador | G1: Riesgo_%
A2: SCORE2 | B2: M | C2: 55 | D2: 140 | E2: 160 | F2: No | G2: 3.1
A3: SCORE2 | B3: M | C3: 55 | D3: 140 | E3: 160 | F3: Si | G3: 6.2
A4: SCORE2 | B4: F | C4: 55 | D4: 140 | E4: 160 | F4: No | G4: 1.8
A5: SCORE2-OP | B5: M | C5: 80 | D5: 120 | E5: 190 | F5: Si | G5: 7.75

Sheet Gráficos
A1: Categoría | B1: Cantidad de pacientes | D1: Edad | E1: Riesgo 10 años(%) | G1: Sexo | H1: Riesgo promedio(%)
A2: Riesgo BAJO | B2: =COUNTIF(Calc!I:I,"Riesgo BAJO") -> 0 | D2: =Pacientes!B4 -> 81 | E2: =Calc!H2 -> 7.29 | G2: Hombre | H2: =AVERAGEIF(Pacientes!C:C,"Hombre",Calc!H:H) -> 8.595
A3: Riesgo MODERADO | B3: =COUNTIF(Calc!I:I,"Riesgo MODERADO") -> 0 | D3: =Pacientes!B5 -> 58 | E3: =Calc!H3 -> 8.36 | G3: Mujer | H3: =AVERAGEIF(Pacientes!C:C,"Mujer",Calc!H:H) -> 2.95
A4: Riesgo ALTO | B4: =COUNTIF(Calc!I:I,"Riesgo ALTO") -> 3 | D4: =Pacientes!B6 -> 67 | E4: =Calc!H4 -> 14.58
D5: =Pacientes!B7 -> 42 | E5: =Calc!H5 -> 3.15
D6: =Pacientes!B8 -> 55 | E6: =Calc!H6 -> 6.95

Sheet ISSUNNE_Protocolo
A1: ISSUNNE – SCORE2 / SCORE2-OP (ESC 2021) – Calculadora para protocolo institucional
A3: ID | B3: Riesgo_10y_% | C3: Categoria | D3: Conducta
A4: =Calc!A2 -> P001 | B4: =Calc!H2 -> 7.29 | C4: =Calc!I2 -> Riesgo Bajo-Moderado | D4: =IFERROR(VLOOKUP(C4,Lookups!$A$2:$B$4,2,FALSE),"") -> Estilo de vida saludable y control periódico
A5: =Calc!A3 -> P002 | B5: =Calc!H3 -> 8.36 | C5: =Calc!I3 -> Riesgo Alto | D5: =IFERROR(VLOOKUP(C5,Lookups!$A$2:$B$4,2,FALSE),"") -> Iniciar estatina alta intensidad y seguimiento estrecho
A6: =Calc!A4 -> P003 | B6: =Calc!H4 -> 14.58 | C6: =Calc!I4 -> Riesgo Muy Alto | D6: =IFERROR(VLOOKUP(C6,Lookups!$A$2:$B$4,2,FALSE),"")
A7: =Calc!A5 -> P004 | B7: =Calc!H5 -> 3.15 | C7: =Calc!I5 -> Riesgo Bajo-Moderado | D7: =IFERROR(VLOOKUP(C7,Lookups!$A$2:$B$4,2,FALSE),"") -> Estilo de vida saludable y control periódico
A8: =Calc!A6 -> P005 | B8: =Calc!H6 -> 6.95 | C8: =Calc!I6 -> Riesgo Alto | D8: =IFERROR(VLOOKUP(C8,Lookups!$A$2:$B$4,2,FALSE),"") -> Iniciar estatina alta intensidad y seguimiento estrecho
A9: =Calc!A7 -> P006 | B9: =Calc!H7 -> 3.55 | C9: =Calc!I7 -> Riesgo Bajo-Moderado | D9: =IFERROR(VLOOKUP(C9,Lookups!$A$2:$B$4,2,FALSE),"") -> Estilo de vida saludable y control periódico
A10: =Calc!A8 -> P007 | B10: =Calc!H8 -> 9.3 | C10: =Calc!I8 -> Riesgo Alto | D10: =IFERROR(VLOOKUP(C10,Lookups!$A$2:$B$4,2,FALSE),"") -> Iniciar estatina alta intensidad y seguimiento estrecho

Sheet Lookups
A1: Categoria | B1: Conducta
A2: Riesgo Bajo-moderado | B2: Estilo de vida saludable y control periódico
A3: Riesgo MODERADO | B3: Intervención intensiva en estilo de vida; considerar estatina
A4: Riesgo ALTO | B4: Iniciar estatina alta intensidad y seguimiento estrecho

Sheet About_ISSUNNE
A1: Notas y alcance (ISSUNNE)
A2: 1) Esta planilla implementa SCORE2 (40–69 años) y SCORE2-OP (≥70 años) según ESC 2021 para estimar riesgo a 10 años de eventos CV mayores (fatales y no fatales).
A3: 2) Parámetro institucional: región por defecto = 'High'. Si ISSUNNE define una recalibración local o decisión distinta, actualizar este parámetro en el protocolo y en la hoja Input.
A4: 3) Población objetivo: prevención primaria. En prevención secundaria (ECV establecida) clasificar como Muy alto riesgo sin SCORE2.
A5: 4) Diabetes y otras condiciones especiales: SCORE2 no debe ser el único decisor; estratificar por guías y juicio clínico.
A6: 5) Conversión lípidos: si se cargan mmol/L, se priorizan sobre mg/dL. Conversión colesterol: mmol/L = mg/dL / 38.67.

Sheet About
A1: Notas y fuente
A2: Esta planilla implementa la ecuación publicada para SCORE2 (40–69 años) y SCORE2-OP (≥70 años), con recalibración por regiones de riesgo Europeas (Low, Moderate, High, Very high).
A3: Entradas de lípidos: puede ingresar en mg/dL o en mmol/L (si completa mmol/L se ignoran mg/dL). Conversión usada: mmol/L = mg/dL / 38.67 para colesterol.
A4: Advertencia: SCORE2 fue diseñado para población sin diabetes; si se usa con diabetes, el resultado puede no estar validado para esa población.
A5: Clasificación de riesgo en esta hoja sigue los umbrales por edad usados en implementaciones clínicas; puede adaptarse a su protocolo institucional si usan categorías distintas.
A6: Implementación basada en el código abierto del paquete R 'RiskScorescvd' (función SCORE2) y en los artículos SCORE2/SCORE2-OP de ESC Cardiovascular Risk Collaboration.
