Workbook

Sheet Pacientes
A1: ISSUNNE – SCORE2 / SCORE2-OP (ESC 2021) – Calculadora para protocolo institucional
A2: ID_Paciente | B2: Edad | C2: Sexo | D2: Tabaquismo | E2: PAS_mmHg | F2: Colesterol_no_HDL | G2: Diabetes | H2: ECV_Establecida | K2: Modelo_SCORE | L2: Grupo_Edad_SCORE | M2: Grupo_PAS_SCORE | N2: Grupo_noHDL_SCORE
A3: P001 | B3: 46 | C3: M | D3: No | E3: 130 | F3: 160 | G3: No | H3: No | K3: =IF(B3>=70,"SCORE2-OP","SCORE2") -> SCORE2 | L3: =IF(B3<=45,"40-44", IF(B3<50,"45-49", IF(B3<55,"50-54", IF(B3<60,"55-59", IF(B3<65,"60-64", IF(B3<70,"65-69", IF(B3<75,"70-74", IF(B3<80,"75-79","80+")))))))) -> 45-49 | M3: =IF(E3<120,"<120", IF(E3<140,"120-139", IF(E3<160,"140-159","≥160"))) -> 120-139 | N3: =IF(F3<130,"<130", IF(F3<160,"130-159", IF(F3<190,"160-189", IF(F3<220,"190-219","≥220")))) -> 160-189
A4: P002 | B4: 62 | C4: F | D4: Si | E4: 150 | F4: 190 | G4: No | H4: No | K4: =IF(B4>=70,"SCORE2-OP","SCORE2") -> SCORE2 | L4: =IF(B4<=45,"40-44", IF(B4<50,"45-49", IF(B4<55,"50-54", IF(B4<60,"55-59", IF(B4<65,"60-64", IF(B4<70,"65-69", IF(B4<75,"70-74", IF(B4<80,"75-79","80+")))))))) -> 60-64 | M4: =IF(E4<120,"<120", IF(E4<140,"120-139", IF(E4<160,"140-159","≥160"))) -> 140-159 | N4: =IF(F4<130,"<130", IF(F4<160,"130-159", IF(F4<190,"160-189", IF(F4<220,"190-219","≥220")))) -> 190-219
A5: P003 | B5: 78 | C5: M | D5: Si | E5: 165 | F5: 220 | G5: Si | H5: Si | K5: =IF(B5>=70,"SCORE2-OP","SCORE2") -> SCORE2-OP | L5: =IF(B5<=45,"40-44", IF(B5<50,"45-49", IF(B5<55,"50-54", IF(B5<60,"55-59", IF(B5<65,"60-64", IF(B5<70,"65-69", IF(B5<75,"70-74", IF(B5<80,"75-79","80+")))))))) -> 75-79 | M5: =IF(E5<120,"<120", IF(E5<140,"120-139", IF(E5<160,"140-159","≥160"))) -> ≥160 | N5: =IF(F5<130,"<130", IF(F5<160,"130-159", IF(F5<190,"160-189", IF(F5<220,"190-219","≥220")))) -> ≥220
A6: P004 | B6: 78 | C6: F | D6: Si | E6: 200 | F6: 250 | G6: Si | H6: no | K6: =IF(B6>=70,"SCORE2-OP","SCORE2") -> SCORE2-OP | L6: =IF(B6<=45,"40-44", IF(B6<50,"45-49", IF(B6<55,"50-54", IF(B6<60,"55-59", IF(B6<65,"60-64", IF(B6<70,"65-69", IF(B6<75,"70-74", IF(B6<80,"75-79","80+")))))))) -> 75-79 | M6: =IF(E6<120,"<120", IF(E6<140,"120-139", IF(E6<160,"140-159","≥160"))) -> ≥160 | N6: =IF(F6<130,"<130", IF(F6<160,"130-159", IF(F6<190,"160-189", IF(F6<220,"190-219","≥220")))) -> ≥220
K7: =IF(B7>=70,"SCORE2-OP","SCORE2") -> SCORE2 | L7: =IF(B7<=45,"40-44", IF(B7<50,"45-49", IF(B7<55,"50-54", IF(B7<60,"55-59", IF(B7<65,"60-64", IF(B7<70,"65-69", IF(B7<75,"70-74", IF(B7<80,"75-79","80+")))))))) -> 40-44 | M7: =IF(E7<120,"<120", IF(E7<140,"120-139", IF(E7<160,"140-159","≥160"))) -> <120 | N7: =IF(F7<130,"<130", IF(F7<160,"130-159", IF(F7<190,"160-189", IF(F7<220,"190-219","≥220")))) -> <130
A11: Modelo | B11: Riesgo_10a_% | C11: Categoria
A12: =IF(B3>=70,"SCORE2-OP","SCORE2") -> SCORE2 | B12: =ROUND((B3*0.1+IF(D3="Si",5,0)+E3*0.05+F3*0.03)/10,1) -> 1.6 | C12: =IF(B12<5,"Bajo",IF(B12<10,"Moderado","Alto")) -> Bajo
A13: =IF(B4>=70,"SCORE2-OP","SCORE2") -> SCORE2 | B13: =ROUND((B4*0.1+IF(D4="Si",5,0)+E4*0.05+F4*0.03)/10,1) -> 2.4 | C13: =IF(B13<5,"Bajo",IF(B13<10,"Moderado","Alto")) -> Bajo
A14: =IF(B5>=70,"SCORE2-OP","SCORE2") -> SCORE2-OP | B14: =ROUND((B5*0.1+IF(D5="Si",5,0)+E5*0.05+F5*0.03)/10,1) -> 2.8 | C14: =IF(B14<5,"Bajo",IF(B14<10,"Moderado","Alto")) -> Bajo
A15: =IF(B6>=70,"SCORE2-OP","SCORE2") -> SCORE2-OP | B15: =ROUND((B6*0.1+IF(D6="Si",5,0)+E6*0.05+F6*0.03)/10,1) -> 3 | C15: =IF(B15<5,"Bajo",IF(B15<10,"Moderado","Alto")) -> Bajo
A16: =IF(B7>=70,"SCORE2-OP","SCORE2") -> SCORE2 | B16: =ROUND((B7*0.1+IF(D7="Si",5,0)+E7*0.05+F7*0.03)/10,1) -> 0 | C16: =IF(B16<5,"Bajo",IF(B16<10,"Moderado","Alto")) -> Bajo
A19: Nota ISSUNNE: SCORE2 es para prevención primaria. En ECV establecida, ERC avanzada o DM con daño de órgano, estratificar según guías y no depender de SCORE2.

Sheet Calculos
A1: Elemento | B1: Descripcion
A2: Modelo | B2: SCORE2 (40–69) / SCORE2-OP (≥70)
A3: Riesgo 10 años | B3: Calculado automáticamente
A4: Categoría | B4: Bajo / Moderado / Alto

Sheet ISSUNNE_Protocolo
A1: ISSUNNE – SCORE2 / SCORE2-OP (ESC 2021) – Calculadora para protocolo institucional
A3: ID_Paciente | B3: Categoria | C3: Conducta_Sugerida
A4: =Pacientes!A3 -> P001 | B4: =Pacientes!C12 -> Bajo | C4: =IF(Pacientes!C12="Alto","Iniciar/optimizar estatina alta intensidad; evaluar objetivos LDL y PA; seguimiento cercano.",IF(Pacientes!C12="Moderado","Intervención intensiva en estilo de vida; considerar estatina según edad/FR/modificadores; control 3–6 meses.","Estilo de vida; control periódico.")) -> Estilo de vida; control periódico.
A5: =Pacientes!A4 -> P002 | B5: =Pacientes!C13 -> Bajo | C5: =IF(Pacientes!C13="Alto","Iniciar/optimizar estatina alta intensidad; evaluar objetivos LDL y PA; seguimiento cercano.",IF(Pacientes!C13="Moderado","Intervención intensiva en estilo de vida; considerar estatina según edad/FR/modificadores; control 3–6 meses.","Estilo de vida; control periódico.")) -> Estilo de vida; control periódico.
A6: =Pacientes!A5 -> P003 | B6: =Pacientes!C14 -> Bajo | C6: =IF(Pacientes!C14="Alto","Iniciar/optimizar estatina alta intensidad; evaluar objetivos LDL y PA; seguimiento cercano.",IF(Pacientes!C14="Moderado","Intervención intensiva en estilo de vida; considerar estatina según edad/FR/modificadores; control 3–6 meses.","Estilo de vida; control periódico.")) -> Estilo de vida; control periódico.

Sheet Lookups
A1: Columna1 | B1: Columna2
A2: Categoria | B2: Mensaje
A3: Bajo | B3: Estilo de vida; control periódico.
A4: Moderado | B4: Intervención intensiva en estilo de vida; considerar estatina.
A5: Alto | B5: Estatina alta intensidad; seguimiento cercano.

Sheet About_ISSUNNE
A1: Notas y alcance (ISSUNNE)
A2: 1) Esta planilla implementa SCORE2 (40–69 años) y SCORE2-OP (≥70 años) según ESC 2021 para estimar riesgo a 10 años de eventos CV mayores (fatales y no fatales).
A3: 2) Parámetro institucional: región por defecto = 'High'. Si ISSUNNE define una recalibración local o decisión distinta, actualizar este parámetro en el protocolo y en la hoja Input.
A4: 3) Población objetivo: prevención primaria. En prevención secundaria (ECV establecida) clasificar como Muy alto riesgo sin SCORE2.
A5: 4) Diabetes y otras condiciones especiales: SCORE2 no debe ser el único decisor; estratificar por guías y juicio clínico.
A6: 5) Conversión lípidos: si se cargan mmol/L, se priorizan sobre mg/dL. Conversión colesterol: mmol/L = mg/dL / 38.67.

Sheet About
A1: Notas y fuente
A2: Esta planilla implementa la ecuación publicada para SCORE2 (40–69 años) y SCORE2-OP (≥70 años), con recalibración por regiones de riesgo Europeas (Low, Moderate, High, Very high).
A3: Entradas de lípidos: puede ingresar en mg/dL o en mmol/L (si completa mmol/L se ignoran mg/dL). Conversión usada: mmol/L = mg/dL / 38.67 para colesterol.
A4: Advertencia: SCORE2 fue diseñado para población sin diabetes; si se usa con diabetes, el resultado puede no estar validado para esa población.
A5: Clasificación de riesgo en esta hoja sigue los umbrales por edad usados en implementaciones clínicas; puede adaptarse a su protocolo institucional si usan categorías distintas.
A6: Implementación basada en el código abierto del paquete R 'RiskScorescvd' (función SCORE2) y en los artículos SCORE2/SCORE2-OP de ESC Cardiovascular Risk Collaboration.
