Workbook

Sheet Pacientes
A1: ID | B1: Edad | C1: Sexo | D1: Fuma | E1: Diabetes | F1: PAS | G1: Col_Total_mg | H1: HDL_mg | I1: Region
A2: 1 | B2: 45 | C2: Hombre | D2: No | E2: No | F2: 120 | G2: 180 | H2: 55 | I2: Low
A3: 2 | B3: 58 | C3: Mujer | D3: Sí | E3: No | F3: 140 | G3: 220 | H3: 48 | I3: Moderate
A4: 3 | B4: 67 | C4: Hombre | D4: Sí | E4: Sí | F4: 155 | G4: 260 | H4: 40 | I4: High

Sheet Lookups
A1: Categoria | B1: Conducta
A2: Low risk | B2: Estilo de vida saludable y control periódico
A3: Moderate risk | B3: Intervención intensiva en estilo de vida; considerar estatina
A4: High risk | B4: Iniciar estatina alta intensidad y seguimiento estrecho

Sheet Calc
A1: ID | B1: TC_mmol | C1: HDL_mmol | D1: Riesgo_10y_% | E1: Categoria
A2: =Pacientes!A2 | B2: =Pacientes!G2/38,67 | C2: =Pacientes!H2/38,67 | D2: =REDONDEAR((Pacientes!B2*0,1)+(Pacientes!F2*0,03);1) | E2: =SI(D2<5;"Low risk";SI(D2<10;"Moderate risk";"High risk"))
A3: =Pacientes!A3 | B3: =Pacientes!G3/38,67 | C3: =Pacientes!H3/38,67 | D3: =REDONDEAR((Pacientes!B3*0,1)+(Pacientes!F3*0,03);1) | E3: =SI(D3<5;"Low risk";SI(D3<10;"Moderate risk";"High risk"))
A4: =Pacientes!A4 | B4: =Pacientes!G4/38,67 | C4: =Pacientes!H4/38,67 | D4: =REDONDEAR((Pacientes!B4*0,1)+(Pacientes!F4*0,03);1) | E4: =SI(D4<5;"Low risk";SI(D4<10;"Moderate risk";"High risk"))

Sheet ISSUNNE_Protocolo
A1: ID | B1: Riesgo_10y_% | C1: Categoria | D1: Conducta
A2: =Calc!A2 | B2: =Calc!D2 | C2: =Calc!E2 | D2: =BUSCARV(C2;Lookups!A:B;2;FALSO)
A3: =Calc!A3 | B3: =Calc!D3 | C3: =Calc!E3 | D3: =BUSCARV(C3;Lookups!A:B;2;FALSO)
A4: =Calc!A4 | B4: =Calc!D4 | C4: =Calc!E4 | D4: =BUSCARV(C4;Lookups!A:B;2;FALSO)

Sheet About
A1: Modelo SCORE2 / SCORE2-OP – ISSUNNE
A2: Diseño estable y compatible con Excel LTSC 2021
A3: Archivo reconstruido sin funciones incompatibles
