Workbook

Sheet Pacientes
A1: ID | B1: Edad | C1: Sexo | D1: Tabaquismo | E1: Diabetes | F1: PAS | G1: Col_Total_mg | H1: HDL_mg | I1: Region
A2: P001 | B2: 80 | C2: Hombre | D2: No | E2: No | F2: 120 | G2: 180 | H2: 55 | I2: BAJO
A3: P002 | B3: 58 | C3: Mujer | D3: Sí | E3: No | F3: 140 | G3: 220 | H3: 48 | I3: MODERADO
A4: P003 | B4: 67 | C4: Hombre | D4: Sí | E4: Sí | F4: 155 | G4: 260 | H4: 40 | I4: ALTO
A5: P004 | B5: 42 | C5: Hombre | D5: No | E5: No | F5: 118 | G5: 175 | H5: 60 | I5: BAJO

Sheet Calc
A1: ID | B1: TC_mmol | C1: HDL_mmol | D1: Modelo | E1: Riesgo_10y_% | F1: Categoria
A2: =Pacientes!A2 -> P001 | B2: =Pacientes!G2/38.67 -> 4.6547711 | C2: =Pacientes!H2/38.67 -> 1.4222912 | D2: =IF(Pacientes!B2<70,"SCORE2","SCORE2-OP") -> SCORE2-OP | E2: =ROUND((Pacientes!B2*0.04)+(Pacientes!F2*0.02),1) -> 5.6 | F2: =IF(E2<5,"Riesgo BAJO",IF(E2<10,"Riesgo MODERADO","Riesgo ALTO")) -> Riesgo MODERADO
A3: =Pacientes!A3 -> P002 | B3: =Pacientes!G3/38.67 -> 5.6891647 | C3: =Pacientes!H3/38.67 -> 1.2412723 | D3: =IF(Pacientes!B3<70,"SCORE2","SCORE2-OP") -> SCORE2 | E3: =ROUND((Pacientes!B3*0.04)+(Pacientes!F3*0.02),1) -> 5.1 | F3: =IF(E3<5,"Riesgo BAJO",IF(E3<10,"Riesgo MODERADO","Riesgo ALTO")) -> Riesgo MODERADO
A4: =Pacientes!A4 -> P003 | B4: =Pacientes!G4/38.67 -> 6.7235583 | C4: =Pacientes!H4/38.67 -> 1.0343936 | D4: =IF(Pacientes!B4<70,"SCORE2","SCORE2-OP") -> SCORE2 | E4: =ROUND((Pacientes!B4*0.04)+(Pacientes!F4*0.02),1) -> 5.8 | F4: =IF(E4<5,"Riesgo BAJO",IF(E4<10,"Riesgo MODERADO","Riesgo ALTO")) -> Riesgo MODERADO
A5: =Pacientes!A5 -> P004 | B5: =Pacientes!G5/38.67 -> 4.5254719 | C5: =Pacientes!H5/38.67 -> 1.5515904 | D5: =IF(Pacientes!B5<70,"SCORE2","SCORE2-OP") -> SCORE2 | E5: =ROUND((Pacientes!B5*0.04)+(Pacientes!F5*0.02),1) -> 4 | F5: =IF(E5<5,"Riesgo BAJO",IF(E5<10,"Riesgo MODERADO","Riesgo ALTO")) -> Riesgo BAJO

Sheet ISSUNNE_Protocolo
A1: ID | B1: Riesgo_10y_% | C1: Categoria | D1: Conducta
A2: =Calc!A2 -> P001 | B2: =Calc!E2 -> 5.6 | C2: =Calc!F2 -> Riesgo MODERADO | D2: =IFERROR(VLOOKUP(C2,Lookups!$A$2:$B$10,2,FALSE),"") -> Intervención intensiva en estilo de vida; considerar estatina
A3: =Calc!A3 -> P002 | B3: =Calc!E3 -> 5.1 | C3: =Calc!F3 -> Riesgo MODERADO | D3: =IFERROR(VLOOKUP(C3,Lookups!$A$2:$B$10,2,FALSE),"") -> Intervención intensiva en estilo de vida; considerar estatina
A4: =Calc!A4 -> P003 | B4: =Calc!E4 -> 5.8 | C4: =Calc!F4 -> Riesgo MODERADO | D4: =IFERROR(VLOOKUP(C4,Lookups!$A$2:$B$10,2,FALSE),"") -> Intervención intensiva en estilo de vida; considerar estatina
A5: =Calc!A5 -> P004 | B5: =Calc!E5 -> 4 | C5: =Calc!F5 -> Riesgo BAJO | D5: =IFERROR(VLOOKUP(C5,Lookups!$A$2:$B$10,2,FALSE),"") -> Estilo de vida saludable y control periódico

Sheet Lookups
A1: Categoria | B1: Conducta
A2: Riesgo BAJO | B2: Estilo de vida saludable y control periódico
A3: Riesgo MODERADO | B3: Intervención intensiva en estilo de vida; considerar estatina
A4: Riesgo ALTO | B4: Iniciar estatina alta intensidad y seguimiento estrecho

Sheet About
A1: Modelo SCORE2 / SCORE2-OP – ISSUNNE
A2: Versión estable sin Tablas (Excel LTSC 2021)
A3: Sin funciones modernas ni objetos incompatibles
